nodeA,nodeB,distance,Score,pval,adj_pval
O94842|180|T|21,O00410|632|K|34,0.46,-0.46,0.0,0.0
P10636|548|T|21,Q8N257|12|K|1,0.48,-0.48,0.0,0.0
P41162|414|T|21,P60981|121|K|34,0.45,-0.45,0.0,0.0
P49450|21|T|21,P04406|263|K|1,0.46,-0.46,0.0,0.0
P49450|21|T|21,P06748|154|K|1,0.49,-0.49,0.0,0.0
P49450|21|T|21,P01834|76|K|34,0.46,-0.46,0.0,0.0
P49450|21|T|21,P32969|184|K|34,0.46,-0.46,0.0,0.0
P49450|21|T|21,P40926|296|K|34,0.49,-0.49,0.0,0.0
P49848|660|T|21,P05114|5|K|53,0.46,-0.46,0.0,0.0
P78362|492|T|21,Q8IX12|627|T|21,0.46,-0.46,0.0,0.0
Q03188|130|T|21,P11021|96|K|1,0.52,-0.52,0.0,0.0
Q16513|958|T|21,Q9ULJ3|431|T|21,0.47,-0.47,0.0,0.0
Q16539|180|T|21,P18669|176|K|34,0.46,-0.46,0.0,0.0
Q6WKZ4|154|T|21,P06733|420|K|34,0.45,-0.45,0.0,0.0
Q76FK4|302|T|21,Q9H4G0|78|T|21,0.45,-0.45,0.0,0.0
Q76FK4|302|T|21,O95373|182|K|34,0.46,-0.46,0.0,0.0
Q76FK4|302|T|21,Q86VP6|373|K|34,0.46,-0.46,0.0,0.0
Q7Z6Z7|2889|T|21,P00558|106|K|34,0.47,-0.47,0.0,0.0
Q86WR7|45|T|21,P49327|957|K|34,0.5,-0.5,0.0,0.0
Q8N0Z3|318|T|21,O75323|143|K|34,0.5,-0.5,0.0,0.0
Q9BUH6|145|T|21,Q6PEY2|60|K|34,0.45,-0.45,0.0,0.0
Q9Y266|145|T|21,P00558|30|K|34,0.47,-0.47,0.0,0.0
Q9Y266|145|T|21,P07900|74|K|34,0.47,-0.47,0.0,0.0
Q9Y266|145|T|21,P60981|121|K|34,0.45,-0.45,0.0,0.0
Q8N3X1|113|Y|21,Q9Y6M1|211|K|34,0.45,-0.45,0.0,0.0
Q8WVC0|606|Y|21,P07900|283|K|34,0.47,-0.47,0.0,0.0
Q13459|1267|S|21,Q9Y2D5|465|S|21,0.46,-0.46,0.0,0.0
Q13480|209|S|21,Q13523|431|S|21,0.45,-0.45,0.0,0.0
Q13480|209|S|21,Q00839|551|K|1,0.45,-0.45,0.0,0.0
Q13586|660|S|21,Q5T5U3|1861|S|21,0.46,-0.46,0.0,0.0
Q13614|58|S|21,Q6VN20|362|Y|21,0.45,-0.45,0.0,0.0
Q14004|348|S|21,Q674X7|352|S|21,0.45,-0.45,0.0,0.0
Q14004|397|S|21,P07814|467|T|21,0.46,-0.46,0.0,0.0
Q14004|525|S|21,Q5JSH3|3|S|21,0.47,-0.47,0.0,0.0
Q14004|525|S|21,Q5VZL5|1547|S|21,0.46,-0.46,0.0,0.0
Q14141|416|S|21,P02452|984|K|34,0.5,-0.5,0.0,0.0
Q14161|415|S|21,Q5SSJ5|155|S|21,0.47,-0.47,0.0,0.0
Q14181|126|S|21,Q96AG3|45|T|21,0.47,-0.47,0.0,0.0
Q14244|202|S|21,Q9BVS4|442|S|21,0.45,-0.45,0.0,0.0
Q14493|20|S|21,Q15154|1186|S|21,0.45,-0.45,0.0,0.0
Q14671|229|S|21,Q9BRS2|21|S|21,0.48,-0.48,0.0,0.0
Q14676|780|S|21,Q9NQG6|59|S|21,0.45,-0.45,0.0,0.0
Q14677|299|S|21,Q99590|341|S|21,0.46,-0.46,0.0,0.0
Q14684|732|S|21,Q8N9U0|174|S|21,0.48,-0.48,0.0,0.0
Q14692|625|S|21,Q13017|1217|T|21,0.46,-0.46,0.0,0.0
Q14789|3010|S|21,P35579|1492|K|34,0.46,-0.46,0.0,0.0
Q15032|973|S|21,Q8WYQ5|377|S|21,0.46,-0.46,0.0,0.0
Q15042|5|S|21,Q6ZRV2|647|S|21,0.45,-0.45,0.0,0.0
Q15042|5|S|21,Q9UK61|694|S|21,0.46,-0.46,0.0,0.0
Q15057|379|S|21,Q9UMN6|1032|S|21,0.5,-0.5,0.0,0.0
Q15057|379|S|21,Q8WWI1|956|T|21,0.47,-0.47,0.0,0.0
Q15057|381|S|21,Q9UK61|636|S|21,0.45,-0.45,0.0,0.0
Q15057|519|S|21,O43707|853|K|34,0.45,-0.45,0.0,0.0
Q15061|77|S|21,Q96RT1|444|S|21,0.45,-0.45,0.0,0.0
Q15149|1435|S|21,P42704|640|K|34,0.46,-0.46,0.0,0.0
Q15149|4626|S|21,Q8IY63|809|S|21,0.46,-0.46,0.0,0.0
Q15149|4626|S|21,P11142|561|K|34,0.46,-0.46,0.0,0.0
Q15361|872|S|21,Q66K74|640|S|21,0.46,-0.46,0.0,0.0
Q15424|601|S|21,Q7Z460|559|S|21,0.45,-0.45,0.0,0.0
Q15464|307|S|21,Q9Y2X7|414|S|21,0.49,-0.49,0.0,0.0
Q15648|1023|S|21,Q9UK33|15|S|21,0.45,-0.45,0.0,0.0
Q15648|1433|S|21,Q8TD16|573|T|21,0.45,-0.45,0.0,0.0
Q15648|1463|S|21,Q9NW97|234|T|21,0.45,-0.45,0.0,0.0
Q15672|68|S|21,Q96PU5|449|S|21,0.46,-0.46,0.0,0.0
Q15742|162|S|21,P02671|202|K|34,0.45,-0.45,0.0,0.0
Q16643|141|S|21,P31949|27|K|34,0.46,-0.46,0.0,0.0
Q16643|141|S|21,P62328|26|K|34,0.47,-0.47,0.0,0.0
Q16875|461|S|21,Q9UQ35|1382|S|21,0.45,-0.45,0.0,0.0
Q17RY0|99|S|21,Q6VY07|28|S|21,0.46,-0.46,0.0,0.0
Q27J81|1149|S|21,Q96JQ2|841|S|21,0.46,-0.46,0.0,0.0
Q27J81|1229|S|21,Q86UE4|568|S|21,0.45,-0.45,0.0,0.0
Q2KHR3|1230|S|21,Q86YV5|712|S|21,0.45,-0.45,0.0,0.0
Q2KHR3|1230|S|21,P62826|159|K|34,0.48,-0.48,0.0,0.0
Q2M2Z5|321|S|21,Q8IXJ6|368|S|21,0.45,-0.45,0.0,0.0
Q2M2Z5|321|S|21,Q8NEN9|538|S|21,0.47,-0.47,0.0,0.0
Q2M2Z5|321|S|21,Q96CX2|185|S|21,0.49,-0.49,0.0,0.0
Q2M2Z5|321|S|21,Q9P2B4|568|S|21,0.46,-0.46,0.0,0.0
Q2M2Z5|321|S|21,Q9UPA5|2851|S|21,0.46,-0.46,0.0,0.0
Q32MZ4|3|S|21,Q9NTI5|1370|T|21,0.45,-0.45,0.0,0.0
Q32MZ4|3|S|21,P02671|100|K|34,0.45,-0.45,0.0,0.0
Q3KQU3|70|S|21,Q96QF0|262|S|21,0.46,-0.46,0.0,0.0
Q3MIN7|511|S|21,Q96A00|136|S|21,0.46,-0.46,0.0,0.0
Q3MIN7|511|S|21,Q9H4L7|239|S|21,0.46,-0.46,0.0,0.0
Q3V6T2|1678|S|21,Q96K76|910|S|21,0.47,-0.47,0.0,0.0
Q49A88|762|S|21,O75533|350|T|21,0.46,-0.46,0.0,0.0
Q4KMP7|22|S|21,Q9Y2W2|353|S|21,0.45,-0.45,0.0,0.0
Q4LE39|296|S|21,Q53ET0|613|S|21,0.48,-0.48,0.0,0.0
Q4LE39|296|S|21,Q7L2J0|152|S|21,0.45,-0.45,0.0,0.0
Q4LE39|675|S|21,Q99549|136|S|21,0.45,-0.45,0.0,0.0
Q4VC05|114|S|21,Q9UPN6|604|S|21,0.46,-0.46,0.0,0.0
Q4VC05|114|S|21,P49368|425|K|34,0.45,-0.45,0.0,0.0
Q53ET0|624|S|21,Q6KC79|280|S|21,0.45,-0.45,0.0,0.0
Q53GS9|82|S|21,Q92766|1175|S|21,0.45,-0.45,0.0,0.0
Q53HL2|219|S|21,O75934|210|K|34,0.48,-0.48,0.0,0.0
Q53SF7|326|S|21,Q5T200|318|S|21,0.49,-0.49,0.0,0.0
Q53SF7|911|S|21,Q9H2Y7|640|T|21,0.47,-0.47,0.0,0.0
Q5BKZ1|478|S|21,Q9P0K8|7|S|21,0.45,-0.45,0.0,0.0
Q5JSH3|561|S|21,Q5UIP0|2157|S|21,0.46,-0.46,0.0,0.0
Q5JSZ5|1136|S|21,Q9H0H5|206|S|21,0.45,-0.45,0.0,0.0
Q5JSZ5|1399|S|21,P35579|637|K|34,0.46,-0.46,0.0,0.0
Q5JSZ5|1453|S|21,Q5T200|325|S|21,0.46,-0.46,0.0,0.0
Q5JSZ5|1453|S|21,Q9Y2W1|190|S|21,0.48,-0.48,0.0,0.0
Q5JVS0|108|S|21,Q9Y2H6|206|S|21,0.46,-0.46,0.0,0.0
Q5JVS0|108|S|21,P27797|209|K|34,0.45,-0.45,0.0,0.0
Q5M775|344|S|21,Q8WWQ0|1783|S|21,0.45,-0.45,0.0,0.0
Q5M775|347|S|21,Q8WWQ0|1783|S|21,0.45,-0.45,0.0,0.0
Q5PRF9|592|S|21,Q96L91|315|S|21,0.48,-0.48,0.0,0.0
Q5PRF9|592|S|21,Q9NYI0|1020|S|21,0.46,-0.46,0.0,0.0
Q5SW79|359|S|21,Q9C0D5|66|S|21,0.46,-0.46,0.0,0.0
Q5SW79|881|S|21,Q86WB0|329|S|21,0.48,-0.48,0.0,0.0
Q5T0N5|295|S|21,Q9NYV4|323|S|21,0.46,-0.46,0.0,0.0
Q5T0W9|803|S|21,Q8IY81|233|K|1,0.45,-0.45,0.0,0.0
Q5T0Z8|1011|S|21,Q8N108|377|S|21,0.48,-0.48,0.0,0.0
Q5T1V6|64|S|21,Q96T23|1364|S|21,0.48,-0.48,0.0,0.0
Q5T200|1406|S|21,O43707|323|K|1,0.49,-0.49,0.0,0.0
Q5T200|1406|S|21,P08670|188|K|1,0.45,-0.45,0.0,0.0
Q5T200|325|S|21,Q9UPP1|854|S|21,0.46,-0.46,0.0,0.0
Q5T200|356|S|21,Q93100|701|S|21,0.47,-0.47,0.0,0.0
Q5T4S7|1760|S|21,P02679|196|K|34,0.47,-0.47,0.0,0.0
Q5T5U3|1861|S|21,Q9UQ35|1443|S|21,0.47,-0.47,0.0,0.0
Q5TAQ9|99|S|21,Q9Y2W1|190|S|21,0.45,-0.45,0.0,0.0
Q5TGY3|1403|S|21,O75223|171|K|34,0.45,-0.45,0.0,0.0
Q5UIP0|1162|S|21,Q8N7R7|342|S|21,0.45,-0.45,0.0,0.0
Q5UIP0|1547|S|21,Q9Y4L1|463|K|34,0.45,-0.45,0.0,0.0
Q5UIP0|1579|S|21,Q96FS4|55|S|21,0.46,-0.46,0.0,0.0
Q5UIP0|1579|S|21,Q9C0B5|348|T|21,0.5,-0.5,0.0,0.0
Q5UIP0|2157|S|21,Q9Y4F1|23|S|21,0.45,-0.45,0.0,0.0
Q5VT52|762|S|21,Q9H063|68|S|21,0.46,-0.46,0.0,0.0
Q5VTL8|529|S|21,Q9UKI8|94|S|21,0.47,-0.47,0.0,0.0
Q5VWN6|1541|S|21,P35579|1492|K|34,0.46,-0.46,0.0,0.0
Q5VZ89|1099|S|21,Q6PD62|1041|S|21,0.45,-0.45,0.0,0.0
Q5VZ89|1293|S|21,P48735|299|K|34,0.45,-0.45,0.0,0.0
Q5VZ89|973|S|21,P23246|251|Y|23,0.46,-0.46,0.0,0.0
Q5VZL5|1071|S|21,P09651|3|K|1,0.47,-0.47,0.0,0.0
Q641Q2|539|S|21,P01009|153|K|34,0.46,-0.46,0.0,0.0
Q641Q2|539|S|21,P14625|95|K|34,0.45,-0.45,0.0,0.0
Q659A1|423|S|21,P55072|502|K|34,0.45,-0.45,0.0,0.0
Q8NE71|22|S|21,Q9ULI0|79|S|21,0.47,-0.47,0.0,0.0
Q8NEM2|42|S|21,P42704|640|K|34,0.47,-0.47,0.0,0.0
Q8NEY1|391|S|21,Q9BTC0|809|S|21,0.47,-0.47,0.0,0.0
Q8NEY8|133|S|21,Q9ULL5|1379|S|21,0.45,-0.45,0.0,0.0
Q8NFC6|1531|S|21,Q14103|183|K|34,0.45,-0.45,0.0,0.0
Q8NFH5|279|S|21,P08123|1064|K|34,0.46,-0.46,0.0,0.0
Q8NI08|181|S|21,Q9HCG8|61|S|21,0.46,-0.46,0.0,0.0
Q8NI27|1393|S|21,Q8WWQ0|1281|S|21,0.45,-0.45,0.0,0.0
Q8TAP8|52|S|21,P19367|738|K|34,0.46,-0.46,0.0,0.0
Q8TB45|244|S|21,P30101|433|K|34,0.48,-0.48,0.0,0.0
Q8TEQ0|642|S|21,P54577|391|K|34,0.46,-0.46,0.0,0.0
Q8TEV9|492|S|21,Q9BZL6|197|S|21,0.46,-0.46,0.0,0.0
Q8TEV9|521|S|21,Q92597|367|S|21,0.48,-0.48,0.0,0.0
Q8TF01|290|S|21,Q9P0K7|281|S|21,0.45,-0.45,0.0,0.0
Q8TF40|760|S|21,Q96T23|570|S|21,0.52,-0.52,0.0,0.0
Q8TF40|763|S|21,Q3KQU3|97|T|21,0.49,-0.49,0.0,0.0
Q8TF72|1221|S|21,Q9NV56|194|S|21,0.47,-0.47,0.0,0.0
Q8TF72|1221|S|21,P23528|45|K|34,0.46,-0.46,0.0,0.0
Q8WVC0|179|S|21,Q9NTI5|1370|T|21,0.45,-0.45,0.0,0.0
Q8WVV4|98|S|21,Q8WYQ5|373|S|21,0.46,-0.46,0.0,0.0
Q8WXE0|406|S|21,Q9HC44|49|S|21,0.45,-0.45,0.0,0.0
Q8WXI9|334|S|21,Q92870|336|S|21,0.46,-0.46,0.0,0.0
Q8WYQ5|373|S|21,Q86YS7|285|T|21,0.45,-0.45,0.0,0.0
Q8WYQ5|377|S|21,P41162|414|T|21,0.46,-0.46,0.0,0.0
Q8WZ73|226|S|21,P11142|112|K|34,0.48,-0.48,0.0,0.0
Q92499|481|S|21,P19338|333|K|34,0.45,-0.45,0.0,0.0
Q92508|1646|S|21,Q99638|387|S|21,0.46,-0.46,0.0,0.0
Q92560|521|S|21,Q9C0C2|836|S|21,0.46,-0.46,0.0,0.0
Q92597|367|S|21,Q9NSI6|2018|S|21,0.45,-0.45,0.0,0.0
Q92597|367|S|21,Q9NSI6|2020|S|21,0.45,-0.45,0.0,0.0
Q92597|367|S|21,Q9H4L7|54|T|21,0.47,-0.47,0.0,0.0
Q92609|541|S|21,Q96ST3|1108|S|21,0.46,-0.46,0.0,0.0
Q92628|814|S|21,Q9UKV3|388|S|21,0.46,-0.46,0.0,0.0
Q92733|159|S|21,P07737|91|K|34,0.49,-0.49,0.0,0.0
Q92804|228|S|21,Q99759|340|S|21,0.46,-0.46,0.0,0.0
Q92817|2025|S|21,P14618|89|K|34,0.46,-0.46,0.0,0.0
Q92817|2025|S|21,Q15436|46|K|34,0.45,-0.45,0.0,0.0
Q92859|1194|S|21,Q9NTI5|1361|S|21,0.46,-0.46,0.0,0.0
Q92870|336|S|21,P00558|264|K|34,0.49,-0.49,0.0,0.0
Q92917|471|S|21,Q9Y6M7|403|S|21,0.45,-0.45,0.0,0.0
Q92993|90|S|21,O43707|323|K|1,0.45,-0.45,0.0,0.0
Q92993|90|S|21,Q15493|244|K|1,0.47,-0.47,0.0,0.0
Q969L2|7|S|21,P51858|208|R|7,0.45,-0.45,0.0,0.0
Q96B36|92|S|21,Q9UER7|495|S|21,0.46,-0.46,0.0,0.0
Q96BT3|397|S|21,Q9H6S3|480|S|21,0.45,-0.45,0.0,0.0
Q96BT3|400|S|21,Q9BRL6|26|S|21,0.46,-0.46,0.0,0.0
Q96C24|204|S|21,Q9Y6D9|428|S|21,0.46,-0.46,0.0,0.0
Q96D71|273|S|21,Q9UER7|495|S|21,0.47,-0.47,0.0,0.0
Q96D71|274|S|21,P08123|510|K|34,0.47,-0.47,0.0,0.0
Q96ER3|6|S|21,Q96MY1|18|S|21,0.46,-0.46,0.0,0.0
Q96F45|98|S|21,Q8TEK3|900|T|21,0.46,-0.46,0.0,0.0
Q96G46|276|S|21,P00533|693|T|21,0.48,-0.48,0.0,0.0
Q96JH7|998|S|21,Q9Y4H2|391|S|21,0.45,-0.45,0.0,0.0
Q96JK2|648|S|21,Q9Y4B6|979|S|21,0.47,-0.47,0.0,0.0
Q96JM3|462|S|21,P49023|88|Y|21,0.45,-0.45,0.0,0.0
Q96JQ2|841|S|21,P21359|2514|T|21,0.45,-0.45,0.0,0.0
Q96JY6|137|S|21,P24928|1842|T|21,0.46,-0.46,0.0,0.0
Q96K49|469|S|21,O75569|15|R|7,0.45,-0.45,0.0,0.0
Q96P11|327|S|21,Q96RU3|301|S|21,0.45,-0.45,0.0,0.0
Q96Q05|953|S|21,P78362|492|T|21,0.46,-0.46,0.0,0.0
Q96Q15|3570|S|21,O75676|686|R|7,0.45,-0.45,0.0,0.0
Q96RL1|44|S|21,Q9NYA4|610|S|21,0.47,-0.47,0.0,0.0
Q96RS0|55|S|21,Q92597|366|T|21,0.45,-0.45,0.0,0.0
Q96S38|427|S|21,Q9BQG0|1161|T|21,0.46,-0.46,0.0,0.0
Q96S38|427|S|21,P14618|422|K|34,0.49,-0.49,0.0,0.0
Q96S38|427|S|21,P45880|39|K|34,0.46,-0.46,0.0,0.0
Q96S55|92|S|21,Q9UDY2|170|S|21,0.46,-0.46,0.0,0.0
Q96S90|5|S|21,Q6ISB3|211|T|21,0.45,-0.45,0.0,0.0
Q96T37|257|S|21,P49327|1739|K|34,0.46,-0.46,0.0,0.0
Q96T37|659|S|21,Q9Y4E6|1153|S|21,0.47,-0.47,0.0,0.0
Q99549|319|S|21,P60900|181|K|1,0.47,-0.47,0.0,0.0
Q99590|341|S|21,P55084|348|K|34,0.51,-0.51,0.0,0.0
Q9P0V3|246|S|21,P78362|492|T|21,0.45,-0.45,0.0,0.0
Q9P1Y6|1124|S|21,P20700|167|K|34,0.47,-0.47,0.0,0.0
Q9P2B4|568|S|21,P14618|498|K|34,0.45,-0.45,0.0,0.0
Q9P2M7|252|S|21,Q13185|141|K|34,0.45,-0.45,0.0,0.0
Q9UBC2|253|S|21,Q765P7|260|T|21,0.45,-0.45,0.0,0.0
Q9UDY2|170|S|21,P10809|359|K|34,0.47,-0.47,0.0,0.0
Q9UDY2|170|S|21,P23246|330|K|34,0.46,-0.46,0.0,0.0
Q9UDY2|170|S|21,P49327|957|K|34,0.49,-0.49,0.0,0.0
Q9UGU5|497|S|21,P14618|135|K|1,0.47,-0.47,0.0,0.0
Q9UHB7|490|S|21,Q9UPW0|223|S|21,0.46,-0.46,0.0,0.0
Q9UHB7|694|S|21,Q9ULL5|915|S|21,0.45,-0.45,0.0,0.0
Q9UHD8|85|S|21,Q86WB0|55|T|21,0.49,-0.49,0.0,0.0
Q9UK58|338|S|21,Q9Y4K1|484|S|21,0.45,-0.45,0.0,0.0
Q9UKI2|91|S|21,Q14103|197|K|1,0.45,-0.45,0.0,0.0
Q9UKY7|107|S|21,P40925|199|K|34,0.45,-0.45,0.0,0.0
Q9ULH1|733|S|21,Q00610|1034|K|34,0.46,-0.46,0.0,0.0
Q9ULU4|465|S|21,O00231|59|K|34,0.45,-0.45,0.0,0.0
Q9ULU4|465|S|21,Q10567|901|K|34,0.46,-0.46,0.0,0.0
Q9UNS2|423|S|21,Q14004|1058|T|21,0.47,-0.47,0.0,0.0
Q9UNS2|423|S|21,Q15910|367|T|21,0.46,-0.46,0.0,0.0
Q9UPN3|3929|S|21,P78362|492|T|21,0.46,-0.46,0.0,0.0
Q9UQ35|1122|S|21,Q8TAQ2|300|K|53,0.45,-0.45,0.0,0.0
Q9UQ35|1621|S|21,P0DOY3|83|K|34,0.47,-0.47,0.0,0.0
Q9UQ35|1675|S|21,P78406|108|K|1,0.48,-0.48,0.0,0.0
Q9UQ35|1876|S|21,P11142|561|K|34,0.45,-0.45,0.0,0.0
Q9UQ35|420|S|21,P28482|187|Y|21,0.46,-0.46,0.0,0.0
Q9UQ35|972|S|21,P60900|181|K|1,0.5,-0.5,0.0,0.0
Q9UQR1|306|S|21,P01857|171|K|34,0.47,-0.47,0.0,0.0
Q9Y388|186|S|21,Q92945|109|K|1,0.46,-0.46,0.0,0.0
Q9Y3P9|37|S|21,P62826|152|K|34,0.46,-0.46,0.0,0.0
Q9Y490|417|S|21,P49792|19|T|21,0.46,-0.46,0.0,0.0
Q9Y4B4|1169|S|21,Q2M2I8|641|H|53,0.48,-0.48,0.0,0.0
Q9Y4H2|1149|S|21,Q15398|661|T|21,0.45,-0.45,0.0,0.0
Q9Y618|2046|S|21,P00558|322|K|34,0.45,-0.45,0.0,0.0
Q9Y624|287|S|21,P46821|1932|T|21,0.5,-0.5,0.0,0.0
Q9Y6I3|420|S|21,P07900|327|K|34,0.45,-0.45,0.0,0.0
Q9Y6Y8|926|S|21,P78362|492|T|21,0.46,-0.46,0.0,0.0
A0MZ66|493|S|21,Q9NWQ4|86|S|21,0.45,-0.45,0.0,0.0
A2RRP1|475|S|21,P18583|1769|S|21,0.46,-0.46,0.0,0.0
A2RRP1|475|S|21,P22626|212|S|21,0.46,-0.46,0.0,0.0
A2RU67|16|S|21,Q96PU5|449|S|21,0.45,-0.45,0.0,0.0
A2RUB6|259|S|21,P06733|233|K|34,0.45,-0.45,0.0,0.0
A6NKD9|246|S|21,Q7KZ85|78|S|21,0.49,-0.49,0.0,0.0
C9JLW8|18|S|21,Q14204|1687|K|34,0.45,-0.45,0.0,0.0
O00273|312|S|21,O75122|455|S|21,0.47,-0.47,0.0,0.0
O00273|312|S|21,Q9H8G2|89|S|21,0.46,-0.46,0.0,0.0
O00429|616|S|21,Q9H2P0|738|S|21,0.45,-0.45,0.0,0.0
O00512|107|S|21,P78347|207|S|21,0.45,-0.45,0.0,0.0
O00712|276|S|21,Q14684|732|S|21,0.48,-0.48,0.0,0.0
O00712|276|S|21,Q9UPN9|862|S|21,0.46,-0.46,0.0,0.0
O00712|276|S|21,P06493|15|Y|21,0.45,-0.45,0.0,0.0
O00712|328|S|21,Q05639|165|K|34,0.45,-0.45,0.0,0.0
O00712|333|S|21,P02675|247|K|34,0.46,-0.46,0.0,0.0
O00767|198|S|21,P10645|322|S|21,0.46,-0.46,0.0,0.0
O00767|198|S|21,P46821|25|S|21,0.46,-0.46,0.0,0.0
O00767|198|S|21,Q15032|262|S|21,0.46,-0.46,0.0,0.0
O00767|198|S|21,Q96HA1|184|S|21,0.46,-0.46,0.0,0.0
O00767|198|S|21,Q9H1K0|219|S|21,0.46,-0.46,0.0,0.0
O14646|215|S|21,Q9Y2I7|307|S|21,0.48,-0.48,0.0,0.0
O14646|216|S|21,Q9Y2I7|307|S|21,0.46,-0.46,0.0,0.0
O14686|1180|S|21,Q02952|629|S|21,0.46,-0.46,0.0,0.0
O14686|1180|S|21,Q8N1F8|761|S|21,0.47,-0.47,0.0,0.0
O14757|301|S|21,P32119|26|K|34,0.46,-0.46,0.0,0.0
O14974|304|S|21,P62328|39|K|34,0.45,-0.45,0.0,0.0
O14976|770|S|21,Q86UU0|942|S|21,0.45,-0.45,0.0,0.0
O14976|778|S|21,P37802|171|K|34,0.49,-0.49,0.0,0.0
O15013|1287|S|21,Q9Y2X7|361|S|21,0.45,-0.45,0.0,0.0
O15013|1287|S|21,Q9Y2X7|362|S|21,0.46,-0.46,0.0,0.0
O15020|2171|S|21,Q12802|1932|S|21,0.45,-0.45,0.0,0.0
O15020|2171|S|21,P05387|61|K|34,0.45,-0.45,0.0,0.0
O15047|508|S|21,P02671|202|K|34,0.45,-0.45,0.0,0.0
O15061|1049|S|21,Q96ST3|1108|S|21,0.48,-0.48,0.0,0.0
O15075|353|S|21,Q9C0C9|401|S|21,0.48,-0.48,0.0,0.0
O15119|705|S|21,P29966|163|S|21,0.46,-0.46,0.0,0.0
O15119|705|S|21,Q96RK0|1382|S|21,0.49,-0.49,0.0,0.0
O15164|771|S|21,Q9UQ35|1451|S|21,0.45,-0.45,0.0,0.0
O15231|519|S|21,Q12888|1028|S|21,0.47,-0.47,0.0,0.0
O15231|519|S|21,Q9H063|68|S|21,0.45,-0.45,0.0,0.0
O15234|363|S|21,Q9BRK4|87|S|21,0.45,-0.45,0.0,0.0
O15355|183|S|21,P78559|986|S|21,0.46,-0.46,0.0,0.0
O15355|183|S|21,Q6NVY1|301|K|1,0.45,-0.45,0.0,0.0
O15438|911|S|21,P05388|307|S|21,0.45,-0.45,0.0,0.0
O15438|911|S|21,Q99798|717|K|34,0.46,-0.46,0.0,0.0
O43159|176|S|21,P19338|580|S|21,0.46,-0.46,0.0,0.0
O43294|137|S|21,Q92628|814|S|21,0.47,-0.47,0.0,0.0
O43294|192|S|21,Q9Y2D5|465|S|21,0.46,-0.46,0.0,0.0
O43294|192|S|21,O14639|429|T|21,0.45,-0.45,0.0,0.0
O43432|1407|S|21,Q92504|275|S|21,0.47,-0.47,0.0,0.0
O43432|1407|S|21,Q92504|276|S|21,0.45,-0.45,0.0,0.0
O43432|1409|S|21,Q9H4G0|648|S|21,0.51,-0.51,0.0,0.0
O43491|38|S|21,Q9P2D1|2559|S|21,0.45,-0.45,0.0,0.0
O43493|71|S|21,O60885|469|S|21,0.45,-0.45,0.0,0.0
O43602|306|S|21,Q7Z2K8|75|S|21,0.46,-0.46,0.0,0.0
O43719|453|S|21,O60502|364|S|21,0.46,-0.46,0.0,0.0
O43847|96|S|21,Q9C0B5|409|S|21,0.47,-0.47,0.0,0.0
O43852|44|S|21,Q96JH7|756|S|21,0.46,-0.46,0.0,0.0
O43896|674|S|21,P05387|21|K|34,0.45,-0.45,0.0,0.0
O43896|676|S|21,Q8IZP0|216|S|21,0.46,-0.46,0.0,0.0
O43933|1211|S|21,P00558|30|K|34,0.46,-0.46,0.0,0.0
O43933|1211|S|21,Q5TEC6|19|K|34,0.47,-0.47,0.0,0.0
O60271|185|S|21,Q9BTU6|9|S|21,0.46,-0.46,0.0,0.0
O60271|203|S|21,Q13425|222|S|21,0.47,-0.47,0.0,0.0
O60271|203|S|21,Q9BYG3|238|T|21,0.53,-0.53,0.0,0.0
O60271|730|S|21,P11142|2|S|21,0.46,-0.46,0.0,0.0
O60271|730|S|21,Q9HAS0|8|S|21,0.45,-0.45,0.0,0.0
O60307|711|S|21,Q3KQU3|97|T|21,0.47,-0.47,0.0,0.0
O60343|570|S|21,P21333|936|K|34,0.45,-0.45,0.0,0.0
O60343|570|S|21,P61201|123|K|34,0.47,-0.47,0.0,0.0
O60343|591|S|21,Q8WUF5|120|S|21,0.45,-0.45,0.0,0.0
O60343|591|S|21,Q9UHB7|178|S|21,0.48,-0.48,0.0,0.0
O60583|480|S|21,Q3KQU3|78|R|7,0.47,-0.47,0.0,0.0
O60664|130|S|21,Q96JK2|645|S|21,0.45,-0.45,0.0,0.0
O60716|169|S|21,Q13595|202|T|21,0.45,-0.45,0.0,0.0
O60716|864|S|21,Q13428|87|S|21,0.46,-0.46,0.0,0.0
O60716|864|S|21,Q8N0Z3|232|S|21,0.48,-0.48,0.0,0.0
O60762|9|S|21,Q14008|832|T|21,0.47,-0.47,0.0,0.0
O60841|107|S|21,P61073|319|S|21,0.47,-0.47,0.0,0.0
O60885|1064|S|21,Q9NTJ3|41|S|21,0.47,-0.47,0.0,0.0
O60885|469|S|21,Q9BRD0|235|S|21,0.45,-0.45,0.0,0.0
O60885|470|S|21,Q9P2D1|2272|S|21,0.45,-0.45,0.0,0.0
O75052|371|S|21,P05387|74|S|21,0.46,-0.46,0.0,0.0
O75052|371|S|21,P20908|1433|K|34,0.45,-0.45,0.0,0.0
O75069|438|S|21,Q6PD62|941|S|21,0.47,-0.47,0.0,0.0
O75069|438|S|21,Q7Z3C6|738|S|21,0.48,-0.48,0.0,0.0
O75122|455|S|21,P02679|196|K|34,0.49,-0.49,0.0,0.0
O75151|899|S|21,Q8IVF2|332|S|21,0.47,-0.47,0.0,0.0
O75151|905|S|21,Q9H0B6|608|S|21,0.46,-0.46,0.0,0.0
O75376|1472|S|21,Q5JSZ5|1136|S|21,0.51,-0.51,0.0,0.0
O75385|719|S|21,Q6WKZ4|343|S|21,0.48,-0.48,0.0,0.0
O75391|158|S|21,Q9BW71|160|S|21,0.47,-0.47,0.0,0.0
O75494|156|S|21,P02792|92|K|34,0.47,-0.47,0.0,0.0
O75528|298|S|21,Q14004|317|S|21,0.45,-0.45,0.0,0.0
O75528|298|S|21,Q9UKJ3|1081|S|21,0.46,-0.46,0.0,0.0
O75531|4|S|21,Q9UK33|15|S|21,0.46,-0.46,0.0,0.0
O75592|2873|S|21,Q86VQ1|105|S|21,0.45,-0.45,0.0,0.0
O75909|324|S|21,Q92628|814|S|21,0.51,-0.51,0.0,0.0
O75909|329|S|21,Q92628|814|S|21,0.45,-0.45,0.0,0.0
O75925|485|S|21,P07900|283|K|34,0.46,-0.46,0.0,0.0
O75925|488|S|21,Q8WWI1|276|S|21,0.45,-0.45,0.0,0.0
O75925|488|S|21,Q9NUQ3|97|S|21,0.47,-0.47,0.0,0.0
O75925|488|S|21,Q9Y2W2|236|Y|21,0.48,-0.48,0.0,0.0
O76021|396|S|21,Q9C0C2|920|S|21,0.45,-0.45,0.0,0.0
O94763|442|S|21,Q15678|593|S|21,0.46,-0.46,0.0,0.0
O94763|442|S|21,Q9Y618|922|S|21,0.48,-0.48,0.0,0.0
O94782|67|S|21,P35251|71|S|21,0.45,-0.45,0.0,0.0
O94804|454|S|21,Q15057|379|S|21,0.47,-0.47,0.0,0.0
O94804|454|S|21,Q9H4L7|54|T|21,0.46,-0.46,0.0,0.0
O94804|455|S|21,Q8N3X1|432|S|21,0.45,-0.45,0.0,0.0
O94864|108|S|21,Q9HC35|144|S|21,0.45,-0.45,0.0,0.0
O94888|288|S|21,Q8IZ21|150|S|21,0.45,-0.45,0.0,0.0
O94900|216|S|21,Q13330|449|S|21,0.46,-0.46,0.0,0.0
O94900|216|S|21,Q9HB58|244|S|21,0.48,-0.48,0.0,0.0
O94915|1978|S|21,Q9NRY4|985|S|21,0.46,-0.46,0.0,0.0
O94964|926|S|21,Q9H330|16|S|21,0.48,-0.48,0.0,0.0
O94979|532|S|21,P10398|580|S|21,0.45,-0.45,0.0,0.0
O94979|532|S|21,Q9NWB6|76|S|21,0.45,-0.45,0.0,0.0
O95049|327|S|21,Q8N108|377|S|21,0.46,-0.46,0.0,0.0
O95049|327|S|21,Q9BYW2|131|S|21,0.46,-0.46,0.0,0.0
O95232|431|S|21,P82094|328|S|21,0.45,-0.45,0.0,0.0
O95239|1017|S|21,P78559|667|S|21,0.45,-0.45,0.0,0.0
O95239|1017|S|21,O75323|143|K|34,0.49,-0.49,0.0,0.0
O95239|1017|S|21,P60842|202|K|34,0.48,-0.48,0.0,0.0
O95239|1017|S|21,Q9Y4L1|463|K|34,0.51,-0.51,0.0,0.0
O95297|208|S|21,P16401|105|S|21,0.45,-0.45,0.0,0.0
O95365|337|S|21,Q14498|139|R|7,0.46,-0.46,0.0,0.0
O95466|184|S|21,Q6ZU35|971|T|21,0.45,-0.45,0.0,0.0
O95639|200|S|21,Q96S38|427|S|21,0.53,-0.53,0.0,0.0
O95714|1588|S|21,P46821|1792|S|21,0.45,-0.45,0.0,0.0
O95817|136|S|21,P11142|108|K|34,0.46,-0.46,0.0,0.0
O95819|852|S|21,Q9ULU4|754|S|21,0.45,-0.45,0.0,0.0
O96013|181|S|21,Q14493|20|S|21,0.45,-0.45,0.0,0.0
O96028|121|S|21,Q8N684|197|S|21,0.45,-0.45,0.0,0.0
P01106|62|S|21,Q7Z5L9|240|S|21,0.46,-0.46,0.0,0.0
P02545|277|S|21,P06400|249|S|21,0.48,-0.48,0.0,0.0
P02545|571|S|21,Q9HAW4|67|S|21,0.45,-0.45,0.0,0.0
P04637|315|S|21,Q9Y4E6|1152|S|21,0.46,-0.46,0.0,0.0
P53618|679|K|34,Q6PD74|303|R|7,0.47,-0.47,0.0,0.0
P60981|92|K|34,Q96CP6|262|R|7,0.46,-0.46,0.0,0.0
P63104|139|K|34,Q9H1E3|12|D|299,0.45,-0.45,0.0,0.0
Q15149|3590|K|34,P52948|616|R|7,0.46,-0.46,0.0,0.0
P49585|339|S|21,Q5VWQ8|978|S|21,0.45,-0.45,0.0,0.0
P49736|27|S|21,Q12965|1005|S|21,0.45,-0.45,0.0,0.0
P49756|683|S|21,P60900|181|K|1,0.46,-0.46,0.0,0.0
P49756|683|S|21,Q9H1E3|184|K|1,0.46,-0.46,0.0,0.0
P49768|366|S|21,Q96CP6|267|S|21,0.46,-0.46,0.0,0.0
P49768|366|S|21,Q9HCG8|102|S|21,0.45,-0.45,0.0,0.0
P49768|366|S|21,Q9Y2U8|144|S|21,0.48,-0.48,0.0,0.0
P49768|367|S|21,Q14684|735|S|21,0.47,-0.47,0.0,0.0
P49792|781|S|21,Q9BW71|370|S|21,0.45,-0.45,0.0,0.0
P49796|943|S|21,Q9H5H4|139|S|21,0.45,-0.45,0.0,0.0
P49810|25|S|21,P52594|167|S|21,0.47,-0.47,0.0,0.0
P49810|25|S|21,Q7Z6Z7|1903|S|21,0.47,-0.47,0.0,0.0
P49810|25|S|21,Q9Y4F5|988|S|21,0.46,-0.46,0.0,0.0
P49916|242|S|21,Q14938|280|S|21,0.45,-0.45,0.0,0.0
P50395|61|S|21,Q12802|1932|S|21,0.49,-0.49,0.0,0.0
P50395|61|S|21,Q15154|537|S|21,0.5,-0.5,0.0,0.0
P50851|2064|S|21,Q14676|505|S|21,0.45,-0.45,0.0,0.0
P51116|410|S|21,Q13177|152|S|21,0.49,-0.49,0.0,0.0
P51532|699|S|21,Q06265|306|S|21,0.46,-0.46,0.0,0.0
P51608|229|S|21,Q2KJY2|977|S|21,0.45,-0.45,0.0,0.0
P51858|199|S|21,P11142|561|K|34,0.45,-0.45,0.0,0.0
P52597|104|S|21,P60660|79|K|1,0.45,-0.45,0.0,0.0
P52926|105|S|21,Q5T200|242|S|21,0.45,-0.45,0.0,0.0
P53667|310|S|21,Q13144|544|S|21,0.47,-0.47,0.0,0.0
P53999|15|S|21,Q9NTI5|1165|S|21,0.47,-0.47,0.0,0.0
P54259|101|S|21,P02671|100|K|34,0.5,-0.5,0.0,0.0
P54259|748|S|21,Q99590|608|S|21,0.46,-0.46,0.0,0.0
P55201|460|S|21,Q9ULW0|738|S|21,0.47,-0.47,0.0,0.0
P55317|307|S|21,Q9ULI0|81|S|21,0.45,-0.45,0.0,0.0
P57682|92|S|21,Q9NYV4|420|S|21,0.47,-0.47,0.0,0.0
P61073|319|S|21,Q8TD16|573|T|21,0.46,-0.46,0.0,0.0
P62328|31|S|21,Q96PC5|1204|S|21,0.46,-0.46,0.0,0.0
P62753|240|S|21,Q8N9U0|174|S|21,0.45,-0.45,0.0,0.0
P62820|3|S|21,P00558|131|K|34,0.45,-0.45,0.0,0.0
P62857|23|S|21,Q9C0D5|66|S|21,0.47,-0.47,0.0,0.0
P78347|207|S|21,Q9Y4F1|889|S|21,0.45,-0.45,0.0,0.0
P78362|496|S|21,Q86U86|10|S|21,0.47,-0.47,0.0,0.0
P82094|328|S|21,Q92733|159|S|21,0.48,-0.48,0.0,0.0
P82094|328|S|21,Q9BRD0|163|S|21,0.45,-0.45,0.0,0.0
P98172|281|S|21,Q8NFC6|2780|S|21,0.47,-0.47,0.0,0.0
P98172|281|S|21,Q96BK5|161|S|21,0.45,-0.45,0.0,0.0
Q00341|31|S|21,O14979|180|K|1,0.47,-0.47,0.0,0.0
Q00839|187|S|21,Q9Y490|425|S|21,0.52,-0.52,0.0,0.0
Q01167|398|S|21,Q15648|1021|S|21,0.49,-0.49,0.0,0.0
Q01484|2315|S|21,Q70E73|1154|S|21,0.45,-0.45,0.0,0.0
Q01484|3793|S|21,Q14315|80|K|34,0.45,-0.45,0.0,0.0
Q01850|311|S|21,Q6IN85|760|S|21,0.45,-0.45,0.0,0.0
Q02040|548|S|21,P21333|936|K|34,0.45,-0.45,0.0,0.0
Q02410|242|S|21,P18583|2055|K|1,0.45,-0.45,0.0,0.0
Q02952|283|S|21,Q5T0W9|809|S|21,0.47,-0.47,0.0,0.0
Q03164|1837|S|21,Q8N0Z3|232|S|21,0.48,-0.48,0.0,0.0
Q03188|709|S|21,Q16181|424|S|21,0.45,-0.45,0.0,0.0
Q03252|419|S|21,Q9UGU5|101|S|21,0.47,-0.47,0.0,0.0
Q03252|424|S|21,Q9NRA8|749|R|7,0.46,-0.46,0.0,0.0
Q04637|1077|S|21,Q9H2Y7|640|T|21,0.46,-0.46,0.0,0.0
Q04637|1077|S|21,P16401|55|K|34,0.45,-0.45,0.0,0.0
Q04721|2081|S|21,Q7Z3C6|735|S|21,0.48,-0.48,0.0,0.0
Q04726|240|S|21,Q99569|218|R|7,0.46,-0.46,0.0,0.0
Q05519|483|S|21,P00558|322|K|34,0.45,-0.45,0.0,0.0
Q08357|256|S|21,P53621|1044|K|34,0.46,-0.46,0.0,0.0
Q08499|754|S|21,Q5UIP0|1542|S|21,0.45,-0.45,0.0,0.0
Q08AE8|467|S|21,Q86UW6|25|S|21,0.45,-0.45,0.0,0.0
Q08J23|456|S|21,Q5VZL5|1547|S|21,0.46,-0.46,0.0,0.0
Q08J23|456|S|21,Q96CP6|252|S|21,0.45,-0.45,0.0,0.0
Q09666|5110|S|21,Q8NI08|181|S|21,0.48,-0.48,0.0,0.0
Q0JRZ9|510|S|21,Q14669|77|S|21,0.47,-0.47,0.0,0.0
Q0JRZ9|510|S|21,Q96B97|587|S|21,0.45,-0.45,0.0,0.0
Q12756|1370|S|21,Q9Y624|287|S|21,0.46,-0.46,0.0,0.0
Q12830|1681|S|21,P60842|202|K|34,0.46,-0.46,0.0,0.0
Q12830|2060|S|21,Q14151|343|S|21,0.49,-0.49,0.0,0.0
Q12851|527|S|21,Q15057|379|S|21,0.48,-0.48,0.0,0.0
Q12851|527|S|21,Q9HAS0|18|S|21,0.47,-0.47,0.0,0.0
Q12851|531|S|21,Q9HAS0|18|S|21,0.47,-0.47,0.0,0.0
Q12851|531|S|21,P08670|439|K|1,0.46,-0.46,0.0,0.0
Q12851|531|S|21,P21333|936|K|34,0.51,-0.51,0.0,0.0
Q12851|531|S|21,P61201|123|K|34,0.45,-0.45,0.0,0.0
Q12888|1646|S|21,Q9BZC7|1327|S|21,0.45,-0.45,0.0,0.0
Q12888|395|S|21,Q86YS7|662|S|21,0.47,-0.47,0.0,0.0
Q12888|786|S|21,Q6PKG0|521|S|21,0.47,-0.47,0.0,0.0
Q12888|786|S|21,Q8WWM7|684|S|21,0.47,-0.47,0.0,0.0
Q12888|786|S|21,Q9H4A3|2027|S|21,0.45,-0.45,0.0,0.0
Q12888|786|S|21,P60900|181|K|1,0.45,-0.45,0.0,0.0
Q12888|830|S|21,Q6P0Q8|148|S|21,0.47,-0.47,0.0,0.0
Q12906|762|S|21,P25705|506|K|34,0.45,-0.45,0.0,0.0
Q12965|1005|S|21,P46821|1067|T|21,0.45,-0.45,0.0,0.0
Q12986|150|S|21,Q9BYG3|238|T|21,0.45,-0.45,0.0,0.0
Q13111|143|S|21,P35232|186|K|34,0.46,-0.46,0.0,0.0
Q13153|144|S|21,P22626|3|K|34,0.45,-0.45,0.0,0.0
Q13177|152|S|21,Q9NYD6|210|S|21,0.45,-0.45,0.0,0.0
Q13263|453|S|21,Q13428|1227|S|21,0.45,-0.45,0.0,0.0
Q13330|522|S|21,Q8TF01|321|S|21,0.45,-0.45,0.0,0.0
Q13371|293|S|21,Q9UHD8|82|S|21,0.45,-0.45,0.0,0.0
Q13428|153|S|21,Q13671|333|S|21,0.47,-0.47,0.0,0.0
Q13428|412|S|21,P07900|191|K|34,0.45,-0.45,0.0,0.0
Q13428|87|S|21,Q5T0N5|488|S|21,0.48,-0.48,0.0,0.0
Q13435|303|S|21,Q06830|16|K|34,0.49,-0.49,0.0,0.0
Q13439|266|S|21,Q02539|93|K|34,0.48,-0.48,0.0,0.0
Q99759|166|S|21,P00558|264|K|34,0.46,-0.46,0.0,0.0
Q9BRP8|6|S|21,Q9UKV3|388|S|21,0.45,-0.45,0.0,0.0
Q9BTC0|809|S|21,Q9H0C8|13|S|21,0.45,-0.45,0.0,0.0
Q9BTC0|809|S|21,Q14195|508|T|21,0.47,-0.47,0.0,0.0
Q9BTU6|5|S|21,Q14444|110|K|34,0.45,-0.45,0.0,0.0
Q9BTX1|471|S|21,Q9Y2D5|720|S|21,0.45,-0.45,0.0,0.0
Q9BUF5|138|S|21,Q9H8G2|89|S|21,0.45,-0.45,0.0,0.0
Q9BVC5|184|S|21,Q9Y3B9|67|S|21,0.45,-0.45,0.0,0.0
Q9BVS4|337|S|21,Q9UQ35|1188|S|21,0.49,-0.49,0.0,0.0
Q9BW71|160|S|21,Q9HCD6|1827|S|21,0.45,-0.45,0.0,0.0
Q9BXS9|752|S|21,Q3KQU3|78|R|7,0.47,-0.47,0.0,0.0
Q9BXY0|229|S|21,Q9Y490|1227|S|21,0.46,-0.46,0.0,0.0
Q9BXY0|229|S|21,O75369|1207|K|34,0.47,-0.47,0.0,0.0
Q9BY89|1062|S|21,Q9UK61|636|S|21,0.45,-0.45,0.0,0.0
Q9BY89|1063|S|21,Q9UER7|495|S|21,0.47,-0.47,0.0,0.0
Q9BYV8|121|S|21,O43795|1021|K|34,0.47,-0.47,0.0,0.0
Q9BYV8|121|S|21,P07355|47|K|34,0.48,-0.48,0.0,0.0
Q9BYW2|614|S|21,Q99459|396|T|21,0.48,-0.48,0.0,0.0
Q9BYW2|624|S|21,Q99459|396|T|21,0.49,-0.49,0.0,0.0
Q9C0C2|1158|S|21,P51858|200|T|21,0.45,-0.45,0.0,0.0
Q9C0D5|63|S|21,Q9P227|554|S|21,0.45,-0.45,0.0,0.0
Q9C0D5|63|S|21,Q9Y5K3|315|S|21,0.46,-0.46,0.0,0.0
Q9C0D5|66|S|21,Q9Y5K3|315|S|21,0.51,-0.51,0.0,0.0
Q9C0E8|177|S|21,Q9NUQ3|97|S|21,0.45,-0.45,0.0,0.0
Q9GZV5|105|S|21,Q9HCM3|1395|S|21,0.46,-0.46,0.0,0.0
Q9GZY8|157|S|21,Q9H4L7|239|S|21,0.45,-0.45,0.0,0.0
Q9H0B6|610|S|21,Q9UHB7|490|S|21,0.45,-0.45,0.0,0.0
Q9H0G5|255|S|21,P21333|569|K|1,0.45,-0.45,0.0,0.0
Q9H0G5|255|S|21,P02675|163|K|34,0.45,-0.45,0.0,0.0
Q9H0H5|206|S|21,Q9BQG0|1269|T|21,0.52,-0.52,0.0,0.0
Q9H1H9|1698|S|21,Q92974|954|R|7,0.45,-0.45,0.0,0.0
Q9H1K0|230|S|21,Q9UKY7|107|S|21,0.47,-0.47,0.0,0.0
Q9H4A3|1978|S|21,P19338|76|T|21,0.47,-0.47,0.0,0.0
Q9H4A3|1978|S|21,Q16514|43|T|21,0.45,-0.45,0.0,0.0
Q9H4A3|2027|S|21,Q9BTC8|455|T|21,0.45,-0.45,0.0,0.0
Q9H4G0|648|S|21,P02671|100|K|34,0.48,-0.48,0.0,0.0
Q9H4G0|650|S|21,P02671|100|K|34,0.46,-0.46,0.0,0.0
Q9H4X1|97|S|21,P27348|158|K|34,0.5,-0.5,0.0,0.0
Q9H501|657|S|21,Q15262|854|T|21,0.46,-0.46,0.0,0.0
Q9H5H4|139|S|21,Q86YS7|285|T|21,0.45,-0.45,0.0,0.0
Q9H6F5|69|S|21,Q9P2M7|134|S|21,0.45,-0.45,0.0,0.0
Q9H7N4|614|S|21,P18085|109|K|34,0.46,-0.46,0.0,0.0
Q9HBL0|1381|S|21,Q7Z460|1087|T|21,0.45,-0.45,0.0,0.0
Q9HCK8|1420|S|21,Q9Y2X7|361|S|21,0.48,-0.48,0.0,0.0
Q9HCK8|1424|S|21,Q9Y2X7|361|S|21,0.48,-0.48,0.0,0.0
Q9NPQ8|502|S|21,P22626|3|K|34,0.46,-0.46,0.0,0.0
Q9NQS3|465|S|21,Q9NUQ3|97|S|21,0.45,-0.45,0.0,0.0
Q9NQS7|197|S|21,Q9Y2X7|571|S|21,0.46,-0.46,0.0,0.0
Q9NQT8|1797|S|21,P12814|772|K|34,0.46,-0.46,0.0,0.0
Q9NQT8|1797|S|21,Q86VP6|373|K|34,0.46,-0.46,0.0,0.0
Q9NQW6|295|S|21,P49327|1739|K|34,0.45,-0.45,0.0,0.0
Q9NQW6|295|S|21,Q8IY81|678|K|34,0.45,-0.45,0.0,0.0
Q9NQW6|72|S|21,Q8NI08|210|T|21,0.45,-0.45,0.0,0.0
Q9NRA8|751|S|21,P0DP24|22|K|34,0.45,-0.45,0.0,0.0
Q9NRA8|751|S|21,Q5TEC6|5|K|34,0.47,-0.47,0.0,0.0
Q9NRA8|751|S|21,Q99879|35|K|34,0.45,-0.45,0.0,0.0
Q9NRA8|751|S|21,Q9BTM1|96|K|34,0.51,-0.51,0.0,0.0
Q9NRF8|564|S|21,Q9NV56|194|S|21,0.45,-0.45,0.0,0.0
Q9NS37|16|S|21,Q15149|3258|K|34,0.46,-0.46,0.0,0.0
Q9NS37|16|S|21,Q96AY3|240|K|34,0.45,-0.45,0.0,0.0
Q9NTI5|1361|S|21,Q9UHF7|127|S|21,0.49,-0.49,0.0,0.0
Q9NTI5|1383|S|21,P48735|106|K|1,0.45,-0.45,0.0,0.0
Q9NV56|191|S|21,Q9NYF8|332|K|34,0.48,-0.48,0.0,0.0
Q9NV56|194|S|21,Q9Y4K4|433|S|21,0.46,-0.46,0.0,0.0
Q9NV56|194|S|21,Q9Y6E0|184|T|21,0.46,-0.46,0.0,0.0
Q9NW07|487|S|21,Q9Y4E6|1152|S|21,0.45,-0.45,0.0,0.0
Q9NYA4|610|S|21,Q9Y5S2|1693|S|21,0.47,-0.47,0.0,0.0
Q9NYF8|198|S|21,Q9Y4F3|1093|S|21,0.45,-0.45,0.0,0.0
Q9NZJ4|4264|S|21,P55010|288|K|34,0.46,-0.46,0.0,0.0
P04792|78|S|21,Q16512|561|S|21,0.49,-0.49,0.0,0.0
P04792|78|S|21,Q9Y2L9|532|S|21,0.45,-0.45,0.0,0.0
P04920|170|S|21,P29692|125|T|21,0.49,-0.49,0.0,0.0
P05387|79|S|21,Q9H7N4|965|S|21,0.46,-0.46,0.0,0.0
P05783|7|S|21,P07197|559|S|21,0.47,-0.47,0.0,0.0
P06400|788|S|21,Q96JQ2|841|S|21,0.47,-0.47,0.0,0.0
P06400|788|S|21,Q9UGU5|101|S|21,0.45,-0.45,0.0,0.0
P06748|243|S|21,Q9P2B4|557|S|21,0.46,-0.46,0.0,0.0
P07196|472|S|21,P49792|2454|S|21,0.45,-0.45,0.0,0.0
P07197|615|S|21,Q9UHB7|706|S|21,0.45,-0.45,0.0,0.0
P07197|628|S|21,Q16514|43|T|21,0.45,-0.45,0.0,0.0
P07197|672|S|21,Q2M2Z5|321|S|21,0.45,-0.45,0.0,0.0
P07900|211|S|21,P22059|382|S|21,0.45,-0.45,0.0,0.0
P07910|240|S|21,P46109|42|S|21,0.45,-0.45,0.0,0.0
P08559|232|S|21,P52948|616|R|7,0.45,-0.45,0.0,0.0
P08670|25|S|21,Q9UER7|495|S|21,0.5,-0.5,0.0,0.0
P08670|25|S|21,P01834|76|K|34,0.45,-0.45,0.0,0.0
P08670|26|S|21,Q9UER7|495|S|21,0.49,-0.49,0.0,0.0
P08670|26|S|21,P14618|115|K|34,0.47,-0.47,0.0,0.0
P09651|360|S|21,Q9UKL0|460|S|21,0.47,-0.47,0.0,0.0
P09651|363|S|21,Q96BK5|161|S|21,0.49,-0.49,0.0,0.0
P09874|499|S|21,P60900|181|K|1,0.45,-0.45,0.0,0.0
P09874|499|S|21,Q09472|1707|K|1,0.47,-0.47,0.0,0.0
P09874|499|S|21,Q9H1E3|184|K|1,0.47,-0.47,0.0,0.0
P09972|176|S|21,Q15057|379|S|21,0.45,-0.45,0.0,0.0
P09972|176|S|21,Q9NZT2|579|S|21,0.47,-0.47,0.0,0.0
P0C1Z6|180|S|21,P11142|357|K|34,0.49,-0.49,0.0,0.0
P10398|580|S|21,Q15361|487|S|21,0.45,-0.45,0.0,0.0
P10398|580|S|21,P10809|359|K|34,0.45,-0.45,0.0,0.0
P10398|582|S|21,Q9C0D5|66|S|21,0.45,-0.45,0.0,0.0
P10451|303|S|21,P05388|26|K|34,0.47,-0.47,0.0,0.0
P10636|552|S|21,Q5PRF9|592|S|21,0.46,-0.46,0.0,0.0
P11387|2|S|21,Q14134|489|S|21,0.45,-0.45,0.0,0.0
P11388|1354|S|21,Q9NTI5|1165|S|21,0.47,-0.47,0.0,0.0
P11388|1504|S|21,P00558|131|K|34,0.47,-0.47,0.0,0.0
P11388|1504|S|21,Q06830|120|K|34,0.46,-0.46,0.0,0.0
P12694|337|S|21,Q9H165|446|S|21,0.48,-0.48,0.0,0.0
P15336|136|S|21,Q96JI7|1955|S|21,0.45,-0.45,0.0,0.0
P16144|1521|S|21,Q14680|505|S|21,0.45,-0.45,0.0,0.0
P16333|85|S|21,Q9NY27|159|S|21,0.45,-0.45,0.0,0.0
P16333|85|S|21,O75385|468|T|21,0.45,-0.45,0.0,0.0
P16401|107|S|21,Q5VT52|597|S|21,0.45,-0.45,0.0,0.0
P17544|100|S|21,Q7Z5L9|242|S|21,0.45,-0.45,0.0,0.0
P17544|423|S|21,Q01130|208|S|21,0.48,-0.48,0.0,0.0
P17600|438|S|21,Q9BTC0|809|S|21,0.46,-0.46,0.0,0.0
P17600|553|S|21,Q9Y4F5|986|S|21,0.48,-0.48,0.0,0.0
P17600|553|S|21,Q9Y4F5|988|S|21,0.47,-0.47,0.0,0.0
P17706|298|S|21,P46821|1792|S|21,0.45,-0.45,0.0,0.0
P18583|1769|S|21,Q5VZ89|1332|S|21,0.45,-0.45,0.0,0.0
P18583|1769|S|21,Q8WXE0|403|S|21,0.47,-0.47,0.0,0.0
P18583|1769|S|21,Q9NR45|315|K|34,0.46,-0.46,0.0,0.0
P18583|94|S|21,Q96S90|3|S|21,0.45,-0.45,0.0,0.0
P18858|49|S|21,Q8N302|11|S|21,0.45,-0.45,0.0,0.0
P18858|49|S|21,O15042|88|K|1,0.46,-0.46,0.0,0.0
P18858|66|S|21,Q96HJ3|52|S|21,0.45,-0.45,0.0,0.0
P22059|240|S|21,P52948|1028|S|21,0.47,-0.47,0.0,0.0
P22059|240|S|21,Q4KMP7|657|S|21,0.45,-0.45,0.0,0.0
P22059|240|S|21,Q86VM9|34|S|21,0.46,-0.46,0.0,0.0
P23588|504|S|21,Q14008|832|T|21,0.45,-0.45,0.0,0.0
P24928|1899|S|21,Q96JM3|626|S|21,0.46,-0.46,0.0,0.0
P24928|1913|S|21,Q02952|645|S|21,0.47,-0.47,0.0,0.0
P24928|1917|S|21,P00338|59|K|34,0.45,-0.45,0.0,0.0
P27448|469|S|21,Q86WB0|329|S|21,0.45,-0.45,0.0,0.0
P27816|941|S|21,P01857|173|K|1,0.45,-0.45,0.0,0.0
P27816|941|S|21,P02671|100|K|34,0.46,-0.46,0.0,0.0
P27816|941|S|21,Q9BTM1|120|K|34,0.45,-0.45,0.0,0.0
P28066|56|S|21,Q7Z2W4|386|S|21,0.45,-0.45,0.0,0.0
P28290|641|S|21,Q5TH69|1991|S|21,0.46,-0.46,0.0,0.0
P28715|341|S|21,Q15398|661|T|21,0.46,-0.46,0.0,0.0
P30566|9|S|21,Q6T4R5|418|S|21,0.45,-0.45,0.0,0.0
P31321|83|S|21,P46379|1117|S|21,0.45,-0.45,0.0,0.0
P31749|122|S|21,Q7Z6Z7|2594|S|21,0.45,-0.45,0.0,0.0
P32519|168|S|21,Q9NPI6|144|S|21,0.46,-0.46,0.0,0.0
P32519|187|S|21,Q8NI08|181|S|21,0.46,-0.46,0.0,0.0
P33240|113|S|21,Q66K74|638|T|21,0.45,-0.45,0.0,0.0
P33527|915|S|21,Q92870|336|S|21,0.51,-0.51,0.0,0.0
P33527|915|S|21,Q8IY81|678|K|34,0.45,-0.45,0.0,0.0
P35269|385|S|21,Q01130|221|S|21,0.45,-0.45,0.0,0.0
P35612|613|S|21,Q70E73|1154|S|21,0.45,-0.45,0.0,0.0
P35658|656|S|21,Q9H063|60|S|21,0.46,-0.46,0.0,0.0
P35680|80|S|21,Q9H0G5|248|S|21,0.45,-0.45,0.0,0.0
P36915|51|S|21,P42345|2481|S|21,0.49,-0.49,0.0,0.0
P37275|31|S|21,Q9Y4K4|335|S|21,0.46,-0.46,0.0,0.0
P37275|646|S|21,Q92597|332|S|21,0.48,-0.48,0.0,0.0
P38398|398|S|21,Q9C0C2|984|S|21,0.45,-0.45,0.0,0.0
P38398|426|S|21,Q6WKZ4|343|S|21,0.45,-0.45,0.0,0.0
P41227|213|S|21,Q99567|49|S|21,0.45,-0.45,0.0,0.0
P42345|2450|S|21,Q5T8I3|320|S|21,0.45,-0.45,0.0,0.0
P42345|2450|S|21,Q6JBY9|105|S|21,0.46,-0.46,0.0,0.0
P42356|260|S|21,Q86W92|29|S|21,0.46,-0.46,0.0,0.0
P42356|260|S|21,Q9H4L7|239|S|21,0.5,-0.5,0.0,0.0
P42695|1382|S|21,Q96JQ2|635|S|21,0.48,-0.48,0.0,0.0
P43243|4|S|21,P60900|181|K|1,0.46,-0.46,0.0,0.0
P46013|1253|S|21,P05109|36|K|34,0.48,-0.48,0.0,0.0
P46013|1864|S|21,P04406|145|K|34,0.45,-0.45,0.0,0.0
P46013|538|S|21,P11586|733|K|34,0.46,-0.46,0.0,0.0
P46100|108|S|21,P62841|72|K|1,0.46,-0.46,0.0,0.0
P46100|1348|S|21,P82094|328|S|21,0.45,-0.45,0.0,0.0
P46100|1348|S|21,P07737|91|K|34,0.45,-0.45,0.0,0.0
P46100|1436|S|21,Q92508|1621|S|21,0.47,-0.47,0.0,0.0
P46100|1991|S|21,Q14814|251|S|21,0.45,-0.45,0.0,0.0
P46100|1992|S|21,Q5VZK9|967|S|21,0.45,-0.45,0.0,0.0
P46100|1995|S|21,Q96BY6|1292|S|21,0.49,-0.49,0.0,0.0
P46100|1996|S|21,Q14195|539|S|21,0.45,-0.45,0.0,0.0
P46100|25|S|21,Q9UQ35|2449|S|21,0.45,-0.45,0.0,0.0
P46100|598|S|21,Q5SW79|1239|S|21,0.5,-0.5,0.0,0.0
P46100|889|S|21,Q9UHF7|1081|S|21,0.45,-0.45,0.0,0.0
P46108|41|S|21,Q96T23|1359|S|21,0.46,-0.46,0.0,0.0
P46108|43|S|21,Q9BTC0|809|S|21,0.45,-0.45,0.0,0.0
P46379|1117|S|21,Q8IWI9|1422|S|21,0.45,-0.45,0.0,0.0
P46379|1117|S|21,Q9BUA6|40|S|21,0.47,-0.47,0.0,0.0
P46379|1117|S|21,P49327|2391|K|34,0.49,-0.49,0.0,0.0
P46527|10|S|21,P49585|339|S|21,0.46,-0.46,0.0,0.0
P46527|10|S|21,Q8TEM1|1859|S|21,0.48,-0.48,0.0,0.0
P46776|68|S|21,P02647|232|K|34,0.45,-0.45,0.0,0.0
P46776|68|S|21,P16401|55|K|34,0.5,-0.5,0.0,0.0
P46821|1252|S|21,Q8N684|48|S|21,0.45,-0.45,0.0,0.0
P46821|1389|S|21,Q2NKX8|820|S|21,0.45,-0.45,0.0,0.0
P46821|541|S|21,Q9BYG3|238|T|21,0.45,-0.45,0.0,0.0
P47974|282|S|21,Q7Z2W4|273|T|21,0.46,-0.46,0.0,0.0
P48553|708|S|21,Q9UQ35|332|S|21,0.46,-0.46,0.0,0.0
P48634|1219|S|21,Q86VM9|44|R|7,0.48,-0.48,0.0,0.0
P48681|680|S|21,Q86SQ0|934|S|21,0.45,-0.45,0.0,0.0
P49023|84|S|21,Q9NUQ3|97|S|21,0.45,-0.45,0.0,0.0
P49023|98|S|21,Q9UJX5|777|S|21,0.45,-0.45,0.0,0.0
Q15596|780|K|1,P13804|101|K|34,0.46,-0.46,0.0,0.0
P02671|100|K|34,Q9H4G0|645|R|7,0.46,-0.46,0.0,0.0
P19338|467|K|34,Q9H1E3|12|D|299,0.52,-0.52,0.0,0.0
Q66K74|731|S|21,Q9UKI2|100|S|21,0.46,-0.46,0.0,0.0
Q68DK7|126|S|21,Q9H4A3|2027|S|21,0.56,-0.56,0.0,0.0
Q69YQ0|220|S|21,P21333|2361|K|34,0.46,-0.46,0.0,0.0
Q69YQ0|868|S|21,Q8TDY2|647|S|21,0.45,-0.45,0.0,0.0
Q6AI08|336|S|21,O94915|1959|T|21,0.45,-0.45,0.0,0.0
Q6AI08|336|S|21,P78527|2818|K|34,0.45,-0.45,0.0,0.0
Q6DN90|180|S|21,Q9BYW2|458|S|21,0.45,-0.45,0.0,0.0
Q6DN90|180|S|21,Q9BYW2|461|S|21,0.47,-0.47,0.0,0.0
Q6IN85|741|S|21,Q9NZT2|579|S|21,0.47,-0.47,0.0,0.0
Q6KC79|150|S|21,P18583|2055|K|1,0.45,-0.45,0.0,0.0
Q6KC79|2672|S|21,Q8NCD3|473|S|21,0.5,-0.5,0.0,0.0
Q6KC79|280|S|21,Q9HCJ0|714|S|21,0.48,-0.48,0.0,0.0
Q6KC79|306|S|21,P18085|30|K|34,0.47,-0.47,0.0,0.0
Q6NZY4|649|S|21,Q7Z434|152|S|21,0.47,-0.47,0.0,0.0
Q6P1X6|16|S|21,Q8N3X1|432|S|21,0.47,-0.47,0.0,0.0
Q6P6C2|379|S|21,Q96BY7|239|S|21,0.46,-0.46,0.0,0.0
Q6P6C2|379|S|21,P06733|420|K|34,0.46,-0.46,0.0,0.0
Q6P996|718|S|21,P31949|27|K|34,0.45,-0.45,0.0,0.0
Q6PD62|1041|S|21,P11021|633|K|34,0.45,-0.45,0.0,0.0
Q6PD62|1041|S|21,P62826|152|K|34,0.46,-0.46,0.0,0.0
Q6PD62|1041|S|21,P78371|154|K|34,0.45,-0.45,0.0,0.0
Q6PD62|1041|S|21,Q5VT66|327|K|34,0.52,-0.52,0.0,0.0
Q6PD74|310|S|21,P13804|101|K|34,0.45,-0.45,0.0,0.0
Q6PIJ6|740|S|21,P02545|450|K|34,0.48,-0.48,0.0,0.0
Q6PJT7|620|S|21,Q9NZ56|396|S|21,0.45,-0.45,0.0,0.0
Q6PL18|337|S|21,P43243|602|K|53,0.47,-0.47,0.0,0.0
Q6R327|1385|S|21,Q86UE8|110|S|21,0.47,-0.47,0.0,0.0
Q6UUV7|327|S|21,Q9UHB7|1058|S|21,0.45,-0.45,0.0,0.0
Q6UUV7|62|S|21,Q96BK5|161|S|21,0.47,-0.47,0.0,0.0
Q6UUV7|62|S|21,Q96T23|1359|S|21,0.46,-0.46,0.0,0.0
Q6UWZ7|406|S|21,P60900|181|K|1,0.45,-0.45,0.0,0.0
Q6VMQ6|113|S|21,Q7Z4S6|1229|S|21,0.47,-0.47,0.0,0.0
Q6VMQ6|113|S|21,Q9Y618|1778|S|21,0.46,-0.46,0.0,0.0
Q6VMQ6|477|S|21,Q9HBM6|152|S|21,0.48,-0.48,0.0,0.0
Q6VMQ6|477|S|21,O75934|210|K|34,0.46,-0.46,0.0,0.0
Q6VMQ6|477|S|21,P02671|100|K|34,0.45,-0.45,0.0,0.0
Q6VMQ6|477|S|21,Q10567|901|K|34,0.5,-0.5,0.0,0.0
Q6WKZ4|343|S|21,Q92597|367|S|21,0.46,-0.46,0.0,0.0
Q70CQ2|3384|S|21,Q8N3F8|470|S|21,0.47,-0.47,0.0,0.0
Q70CQ2|3406|S|21,P09429|146|K|34,0.46,-0.46,0.0,0.0
Q719H9|9|S|21,Q8IUD2|17|S|21,0.48,-0.48,0.0,0.0
Q719H9|9|S|21,Q9UKV3|365|S|21,0.45,-0.45,0.0,0.0
Q71F23|108|S|21,P54577|391|K|34,0.49,-0.49,0.0,0.0
Q7L1V2|61|S|21,Q9UIG0|1460|R|7,0.46,-0.46,0.0,0.0
Q7Z2E3|132|S|21,Q9ULU4|754|S|21,0.5,-0.5,0.0,0.0
Q7Z2K8|104|S|21,Q96BY6|1292|S|21,0.46,-0.46,0.0,0.0
Q7Z3K3|1364|S|21,P30101|94|K|34,0.45,-0.45,0.0,0.0
Q7Z422|37|S|21,Q8WXH0|2781|S|21,0.45,-0.45,0.0,0.0
Q7Z434|139|S|21,Q9HAS0|18|S|21,0.45,-0.45,0.0,0.0
Q7Z434|152|S|21,Q9Y3P9|37|S|21,0.45,-0.45,0.0,0.0
Q7Z434|253|S|21,P40926|324|K|34,0.45,-0.45,0.0,0.0
Q7Z434|258|S|21,P40926|324|K|34,0.48,-0.48,0.0,0.0
Q7Z4S6|1307|S|21,Q92738|716|S|21,0.45,-0.45,0.0,0.0
Q7Z4S6|853|S|21,Q8WWM7|684|S|21,0.46,-0.46,0.0,0.0
Q7Z4V5|230|S|21,Q8WXG6|1239|S|21,0.45,-0.45,0.0,0.0
Q7Z5K2|221|S|21,Q9BUA6|40|S|21,0.45,-0.45,0.0,0.0
Q7Z6Z7|2888|S|21,Q9H4G0|544|S|21,0.47,-0.47,0.0,0.0
Q7Z7L8|399|S|21,Q96T23|1359|S|21,0.46,-0.46,0.0,0.0
Q7Z7L8|399|S|21,Q9BTC0|809|S|21,0.56,-0.56,0.0,0.0
Q7Z7L8|399|S|21,Q9NQS7|197|S|21,0.51,-0.51,0.0,0.0
Q86TI0|571|S|21,O95373|182|K|34,0.47,-0.47,0.0,0.0
Q86TI0|571|S|21,P49368|248|K|34,0.45,-0.45,0.0,0.0
Q86U86|178|S|21,Q9GZY8|157|S|21,0.49,-0.49,0.0,0.0
Q86UU0|21|S|21,O15085|253|R|7,0.49,-0.49,0.0,0.0
Q86UU0|942|S|21,Q8NI08|182|S|21,0.47,-0.47,0.0,0.0
Q86UU0|942|S|21,Q9NQW6|295|S|21,0.45,-0.45,0.0,0.0
Q86VM9|34|S|21,Q9Y394|332|K|34,0.46,-0.46,0.0,0.0
Q86VM9|487|S|21,Q92609|544|S|21,0.48,-0.48,0.0,0.0
Q86VQ1|398|S|21,Q9H330|16|S|21,0.45,-0.45,0.0,0.0
Q86VQ1|406|S|21,Q15276|408|T|21,0.51,-0.51,0.0,0.0
Q86WB0|329|S|21,Q8WWM7|409|S|21,0.45,-0.45,0.0,0.0
Q86WB0|329|S|21,O75323|143|K|34,0.46,-0.46,0.0,0.0
Q86WB0|329|S|21,P18206|699|K|34,0.48,-0.48,0.0,0.0
Q86WB0|329|S|21,Q9Y394|332|K|34,0.51,-0.51,0.0,0.0
Q86WB0|370|S|21,Q99549|400|S|21,0.47,-0.47,0.0,0.0
Q8IV36|653|S|21,Q9Y624|287|S|21,0.45,-0.45,0.0,0.0
Q8IV63|59|S|21,Q96RU3|301|S|21,0.46,-0.46,0.0,0.0
Q8IV63|82|S|21,P60842|202|K|34,0.46,-0.46,0.0,0.0
Q8IVF2|332|S|21,Q9UET6|271|S|21,0.46,-0.46,0.0,0.0
Q8IVT2|397|S|21,P29401|456|K|34,0.46,-0.46,0.0,0.0
Q8IVT5|406|S|21,Q92797|1171|S|21,0.46,-0.46,0.0,0.0
Q8IXJ6|364|S|21,Q9UHK0|403|S|21,0.46,-0.46,0.0,0.0
Q8IY67|17|S|21,P11142|108|K|34,0.46,-0.46,0.0,0.0
Q8IYB3|560|S|21,Q14008|832|T|21,0.45,-0.45,0.0,0.0
Q8IYD8|1673|S|21,P02647|164|K|34,0.46,-0.46,0.0,0.0
Q8IYD8|1674|S|21,P02647|164|K|34,0.49,-0.49,0.0,0.0
Q8IYD8|1674|S|21,P14618|89|K|34,0.46,-0.46,0.0,0.0
Q8IYW5|411|S|21,Q8WWI1|1026|S|21,0.45,-0.45,0.0,0.0
Q8IZ21|150|S|21,Q8N684|48|S|21,0.48,-0.48,0.0,0.0
Q8IZP0|216|S|21,Q76FK4|302|T|21,0.45,-0.45,0.0,0.0
Q8N0Z3|232|S|21,Q9C0B5|409|S|21,0.48,-0.48,0.0,0.0
Q8N108|372|S|21,P02042|133|K|34,0.47,-0.47,0.0,0.0
Q8N108|488|S|21,P53621|1044|K|34,0.48,-0.48,0.0,0.0
Q8N122|877|S|21,Q96B36|92|S|21,0.48,-0.48,0.0,0.0
Q8N1G0|1057|S|21,Q9UMX0|7|S|21,0.48,-0.48,0.0,0.0
Q8N3F8|644|S|21,Q8WVC0|14|S|21,0.49,-0.49,0.0,0.0
Q8N3V7|232|S|21,Q9UPP1|854|S|21,0.45,-0.45,0.0,0.0
Q8N3V7|263|S|21,Q9Y320|282|S|21,0.45,-0.45,0.0,0.0
Q8N3X1|431|S|21,P07900|283|K|34,0.45,-0.45,0.0,0.0
Q8N3X1|432|S|21,Q9HCH0|477|S|21,0.46,-0.46,0.0,0.0
Q8N3X1|499|S|21,Q8TBN0|168|S|21,0.45,-0.45,0.0,0.0
Q8N3X1|508|S|21,P08238|596|Y|21,0.46,-0.46,0.0,0.0
Q8N4L2|18|S|21,P18583|2055|K|1,0.45,-0.45,0.0,0.0
Q8N5C8|385|S|21,Q96AQ6|70|S|21,0.47,-0.47,0.0,0.0
Q8N5C8|385|S|21,Q96AQ6|72|S|21,0.45,-0.45,0.0,0.0
Q8N684|48|S|21,Q14004|1058|T|21,0.45,-0.45,0.0,0.0
Q8N9U0|174|S|21,E9PAV3|1990|K|34,0.45,-0.45,0.0,0.0
Q8N9U0|174|S|21,P12814|772|K|34,0.47,-0.47,0.0,0.0
Q8N9U0|174|S|21,P23284|84|K|34,0.46,-0.46,0.0,0.0
Q8NCY6|101|S|21,P45880|31|K|34,0.47,-0.47,0.0,0.0
Q8NDI1|787|S|21,Q9BRK4|87|S|21,0.45,-0.45,0.0,0.0
